Actual_Marks,Predicted_Marks
36.0,37.276322483965075
54.0,56.2235279550545
54.0,48.59491739560608
61.0,58.99341172913837
54.0,50.17647313667961
68.0,63.37873376926086
61.0,52.30733779158312
43.0,46.95558737578155
46.0,42.260033936261536
44.0,45.98072379499449
